entity_id,name,entity_type,network,aliases,country,region,city,address,status,source_url,public_links,host_entities,partner_entities,program_domains,description
network_educationusa,EducationUSA,network,,,,,,,,https://educationusa.state.gov/find-advising-center,https://educationusa.state.gov/find-advising-center,,,U.S. higher education advising,Official directory for U.S. higher-education advising centers.
network_american_spaces_ghana,American Spaces Ghana,network,,,,Ghana,,,,https://americanspaces.state.gov/wp-content/uploads/sites/292/2301-Newsletter.pdf,https://americanspaces.state.gov/wp-content/uploads/sites/292/2301-Newsletter.pdf,,,,Public programs at American Spaces locations in Ghana; current local status requires follow-up.
organization_us_embassy_accra,U.S. Embassy Accra,organization,,[],Ghana,,Accra,,active,https://educationusa.state.gov/centers/educationusa-accra,https://educationusa.state.gov/centers/educationusa-accra,,,,EducationUSA's official center listing gives the embassy address; coordinates are only an Accra city reference point.
site_educationusa_accra_embassy,EducationUSA Accra (U.S. Embassy),site,EducationUSA,"[""EducationUSA Accra""]",Ghana,,Accra,"No. 24 Fourth Circular Road, Cantonments, Accra",active,https://educationusa.state.gov/centers/educationusa-accra,https://educationusa.state.gov/centers/educationusa-accra,"[""U.S. Embassy Accra""]",,U.S. higher education advising,Official EducationUSA center page lists this advising location and address.
site_educationusa_accra_ace,EducationUSA Accra (ACE Consult),site,EducationUSA,[],Ghana,,Accra,"Pure Obsession Building, Osu High Street, above ADB Bank, Accra",active,https://educationusa.state.gov/centers/educationusa-accra-ace-consult,https://educationusa.state.gov/centers/educationusa-accra-ace-consult,,,U.S. higher education advising,Official EducationUSA center page lists this advising location and address.
site_educationusa_kumasi,EducationUSA Kumasi (ACE Consult),site,EducationUSA,[],Ghana,Ashanti,Kumasi,,active,https://educationusa.state.gov/find-advising-center?field_directory_admissions_couns_value=AR&field_program_page_degree_type_target_id=13&page=24,https://educationusa.state.gov/find-advising-center?field_directory_admissions_couns_value=AR&field_program_page_degree_type_target_id=13&page=24,,,U.S. higher education advising,Official EducationUSA center directory lists an ACE Consult center in Kumasi.
site_american_center_accra,American Center Accra,site,American Spaces Ghana,[],Ghana,,Accra,,,https://americanspaces.state.gov/wp-content/uploads/sites/292/2301-Newsletter.pdf,https://americanspaces.state.gov/wp-content/uploads/sites/292/2301-Newsletter.pdf,,,,Official historical American Spaces newsletter refers to an American Center in Accra; present operating status is unknown.
site_american_corner_accra,American Corner Accra,site,American Spaces Ghana,[],Ghana,,Accra,,,https://americanspaces.state.gov/wp-content/uploads/sites/292/2301-Newsletter.pdf,https://americanspaces.state.gov/wp-content/uploads/sites/292/2301-Newsletter.pdf,,,,Official historical American Spaces newsletter refers to an American Corner in Accra; present operating status is unknown.
institution_university_of_ghana,University of Ghana,institution,,,Ghana,,,,active,https://www.ug.edu.gh/,https://www.ug.edu.gh/,,,,Official University of Ghana institutional website; the map uses a separately sourced campus reference point.
